task,metric,seed,value
asr_sinhala,wer,0,0.618012
asr_sinhala,cer,0,0.159317
asr_sinhala,wer,1,0.606755
asr_sinhala,cer,1,0.153886
asr_sinhala,wer,2,0.610637
asr_sinhala,cer,2,0.156214
asr_tamil,wer,0,0.806250
asr_tamil,cer,0,0.290939
asr_tamil,wer,1,0.794375
asr_tamil,cer,1,0.278336
asr_tamil,wer,2,0.798125
asr_tamil,cer,2,0.286426
er_tamil,accuracy,0,0.401288
er_tamil,macro_f1,0,0.393047
er_tamil,accuracy,1,0.436080
er_tamil,macro_f1,1,0.422861
er_tamil,accuracy,2,0.395248
er_tamil,macro_f1,2,0.361618
sid,accuracy,0,0.873049
sid,macro_f1,0,0.852184
sid,accuracy,1,0.876171
sid,macro_f1,1,0.855288
sid,accuracy,2,0.878252
sid,macro_f1,2,0.861993
asv_tamil,eer,0,0.158802
asv_tamil,eer,1,0.144486
asv_tamil,eer,2,0.126432
sd_sinhala,der,0,0.075819
sd_sinhala,der,1,0.061989
sd_sinhala,der,2,0.070816
sd_tamil,der,0,0.026198
sd_tamil,der,1,0.023565
sd_tamil,der,2,0.029171
ic_banking_sinhala,accuracy,0,0.993412
ic_banking_sinhala,macro_f1,0,0.993155
ic_banking_sinhala,accuracy,1,0.994071
ic_banking_sinhala,macro_f1,1,0.993897
ic_banking_sinhala,accuracy,2,0.989460
ic_banking_sinhala,macro_f1,2,0.989504
ic_banking_tamil,accuracy,0,0.827198
ic_banking_tamil,macro_f1,0,0.814535
ic_banking_tamil,accuracy,1,0.837417
ic_banking_tamil,macro_f1,1,0.818763
ic_banking_tamil,accuracy,2,0.859983
ic_banking_tamil,macro_f1,2,0.846853
ic_health_tamil,accuracy,0,0.541642
ic_health_tamil,macro_f1,0,0.531236
ic_health_tamil,accuracy,1,0.541626
ic_health_tamil,macro_f1,1,0.528775
ic_health_tamil,accuracy,2,0.540957
ic_health_tamil,macro_f1,2,0.528815
